,,Data,Matéria,Estimado,Concluido,Estudado,Next
108,1,09/04/2020,Organização das matérias,,,,
107,2,10/04/2020,Noções de Direito Penal,,02:00,9. Crimes contra o patrimônio,
,,,Noções de Direito Processual Penal,,03:30,1. Inquérito policial; notitia criminis.,
106,3,11/04/2020,Noções de Direito Penal / Noções de Direito Processual Penal,,03:00,7. Estatuto do desarmamento (Lei nº 10.826/2003).,
105,4,12/04/2020,Noções de Direito Administrativo,,03:30,7. Princípios,
104,5,13/04/2020,Noções de Direito Constitucional,,06:00,"1. Direitos e deveres fundamentais: direitos e deveres individuais e coletivos; direito à vida, à liberdade, à igualdade, à segurança e à propriedade; direitos sociais; nacionalidade; cidadania e direitos políticos; partidos políticos; garantias constitucionais individuais; garantias dos direitos coletivos, sociais e políticos.",
103,6,14/04/2020,Raciocínio Lógico,,04:30,"1. Resolução de problemas envolvendo números reais, conjuntos, contagem e porcentagem.",
102,7,15/04/2020,Informática,,03:00,"2. Noções de uso de Internet e correio eletrônico, utilizando os navegadores Firefox e Google Chrome no sistema operacional (Ubuntu versão 14 ou superior).",
101,8,16/04/2020,Língua Portuguesa,,06:00,2..morfologia,
100,9,17/04/2020,Noções de Direito Constitucional,01:00,01:00,"1. Direitos e deveres fundamentais: direitos e deveres individuais e coletivos; direito à vida, à liberdade, à igualdade, à segurança e à propriedade; direitos sociais; nacionalidade; cidadania e direitos políticos; partidos políticos; garantias constitucionais individuais; garantias dos direitos coletivos, sociais e políticos.",
,,,Noções de Direito Administrativo,01:00,01:00,7. Princípios + 2. Organização administrativa da União: administração direta e indireta.,
,,,Noções de Direito Processual Penal,01:00,01:00,4. Prova (artigos 158 a 184 do CPP).,
,,,Noções de Direito Penal,01:00,0:0,,
99,10,18/04/2020,Noções de Legislação Penal Especial,01:00,01:30,1. Tráfico ilícito e uso indevido de drogas (Lei nº 11.343/2006).,
,,,Língua Portuguesa,01:30,02:00,2..morfologia,
,,,Informática,01:30,0:0,,
,,,Raciocínio Lógico,01:00,0:0,,
98,11,19/04/2020,Noções de Direito Administrativo,01:30,01:30,2. Organização administrativa da União: administração direta e indireta. + 4. Poderes administrativos: poder hierárquico; poder disciplinar; poder regulamentar; poder de polícia; uso e abuso do poder.,
,,,Noções de Direito Constitucional,01:30,01:30,"1. Direitos e deveres fundamentais: direitos e deveres individuais e coletivos; direito à vida, à liberdade, à igualdade, à segurança e à propriedade; direitos sociais; nacionalidade; cidadania e direitos políticos; partidos políticos; garantias constitucionais individuais; garantias dos direitos coletivos, sociais e políticos.",
,,,Noções de Direito Processual Penal,01:30,01:15,4. Prova (artigos 158 a 184 do CPP).,
,,,Noções de Direito Penal,01:30,01:15,9. Crimes contra o patrimônio,
97,12,20/04/2020,Raciocínio Lógico,01:30,01:00,1. contagem, 
,,,Língua Portuguesa,01:30,00:30,1.emprego das classes gramaticais,
,,,Informática,01:00,01:00,"2. Noções de uso de Internet e correio eletrônico, utilizando os navegadores Firefox e Google Chrome no sistema operacional (Ubuntu versão 14 ou superior).",correio eletronico(28)
,,,Noções de Legislação Penal Especial,01:00,,,
96,13,21/04/2020,Noções de Direito Administrativo,01:30,01:15,4. Poderes administrativos: poder hierárquico; poder disciplinar; poder regulamentar; poder de polícia; uso e abuso do poder.,(4)(poderes) - 33
,,,Noções de Direito Constitucional,01:00,01:00,"1. Direitos e deveres fundamentais: direitos e deveres individuais e coletivos; direito à vida, à liberdade, à igualdade, à segurança e à propriedade; direitos sociais; nacionalidade; cidadania e direitos políticos; partidos políticos; garantias constitucionais individuais; garantias dos direitos coletivos, sociais e políticos.", 
,,,Noções de Direito Processual Penal,01:00,01:30,5. Prisão em flagrante.,
,,,Noções de Direito Penal,01:00,01:00,10. Crimes praticados por funcionário publico contra a administração em geral,
95,14,22/04/2020,Língua Portuguesa,01:30,01:30,1.emprego das classes gramaticais,
,,,Informática,01:30,01:30,"2. Noções de uso de Internet e correio eletrônico, utilizando os navegadores Firefox e Google Chrome no sistema operacional (Ubuntu versão 14 ou superior).",
,,,Noções de Legislação Penal Especial,01:00,00:30,1. Tráfico ilícito e uso indevido de drogas (Lei nº 11.343/2006).,
,,,Raciocínio Lógico,01:00,0:0,,
94,15,23/04/2020,Noções de Direito Administrativo,01:30,01:30,4. Poderes administrativos: poder hierárquico; poder disciplinar; poder regulamentar; poder de polícia; uso e abuso do poder.,
,,,Noções de Direito Constitucional,01:30,01:30,3. Poder Executivo: forma e sistema de governo; chefia de Estado e chefia de governo; atribuições e responsabilidades do presidente da República.,
,,,Noções de Direito Processual Penal,01:30,01:30,6. Prisão preventiva. + 7. Prisão temporária (Lei n.º 7.960/1989).,
,,,Noções de Direito Penal,01:00,01:00,11. Crimes praticados por particular contra a administração em geral,
93,16,24/04/2020,Língua Portuguesa,01:30,00:30,1.emprego das classes gramaticais,
92,17,25/04/2020,Língua Portuguesa,01:30,01:30,1.emprego das classes gramaticais,
,,,Informática,01:30,01:30,"1. Conceitos básicos de operação com arquivos no sistema operacional Linux (Ubuntu versão 14 ou superior). + 7. Noções, como usuário, do sistema operacional Linux (Ubuntu versão 14 ou superior).",linux 46
,,,Noções de Legislação Penal Especial,01:00,01:00,1. Tráfico ilícito e uso indevido de drogas (Lei nº 11.343/2006).,
,,,Raciocínio Lógico,01:00,,,
91,18,26/04/2020,Noções de Direito Administrativo,01:30,01:30,2. Organização administrativa da União: administração direta e indireta.,37-Curso Estratégia (2)(Organização administrativa)
,,,Noções de Direito Constitucional,01:30,01:30,"2. Poder Legislativo: fundamento, atribuições e garantias de independência.",23-Curso Estratégia (8)(poder legistlativo)
,,,Noções de Direito Processual Penal,01:00,01:00,Resumo de prisões + prova,
,,,Noções de Direito Penal,01:00,0:0,,
90,19,27/04/2020,Língua Portuguesa,01:30,01:30,1.emprego das classes gramaticais,27:00:00
,,,Informática,01:30,01:30,"1. Conceitos básicos de operação com arquivos no sistema operacional Linux (Ubuntu versão 14 ou superior). + 7. Noções, como usuário, do sistema operacional Linux (Ubuntu versão 14 ou superior)",
,,,Noções de Legislação Penal Especial,01:30,01:30,Resumo de Estatudo do desarmamento,
,,,Raciocínio Lógico,01:30,01:30,,
89,20,28/04/2020,Noções de Direito Administrativo,01:30,01:30,2. Organização administrativa da União: administração direta e indireta.,23-Curso Estratégia (3)(Organização administrativa)
,,,Noções de Direito Constitucional,01:30,01:30,"2. Poder Legislativo: fundamento, atribuições e garantias de independência. + 1. Estado, governo e administração pública: conceitos, elementos, poderes e organização; natureza, fins e princípios.",36-Curso Estratégia (0)
,,,Noções de Direito Processual Penal,01:00,01:00,Resumo de Inquérito policial ,
,,,Noções de Direito Penal,01:00,01:00,12. Crimes contra a administração da Justiça,
88,21,29/04/2020,Língua Portuguesa,01:30,01:30,1.emprego das classes gramaticais,
,,,Informática,01:30,01:30,4. Noções de escrita e editoração de texto utilizando LibreOffice-Writer (versão 5.0.6 ou superior).,
,,,Noções de Legislação Penal Especial,01:00,0:0,,
,,,Raciocínio Lógico,01:00,01:00,3. Semelhança e relações métricas no triângulo retângulo.,
87,22,30/04/2020,Noções de Direito Administrativo,01:30,01:30,2. Organização administrativa da União: administração direta e indireta.,
,,,Noções de Direito Constitucional,01:30,01:30,Constituição,
,,,Noções de Direito Processual Penal,01:00,01:00,2. Ação penal: espécies.,
,,,Noções de Direito Penal,0:0,0:0,12. Crimes contra a administração da Justiça,
86,23,01/05/2020,Língua Portuguesa,01:30,01:30,Exercícios,
85,24,02/05/2020,Língua Portuguesa,01:30,01:30,1.emprego das classes gramaticais,
,,,Noções de Legislação Penal Especial,01:30,01:30,2. Crimes hediondos (Lei nº 8.072/1990). + 5. Crimes de tortura (Lei nº 9.455/1997). + 3. Crimes resultantes de preconceitos de raça ou de cor (Lei nº 7.716/1989).,
84,25,03/05/2020,Noções de Direito Administrativo,01:30,01:30,"Post it dos poderes + 1. Estado, governo e administração pública: conceitos, elementos, poderes e organização; natureza, fins e princípios.",
83,26,04/05/2020,Noções de Direito Constitucional,01:30,01:30,"1. Direitos e deveres fundamentais: direitos e deveres individuais e coletivos; direito à vida, à liberdade, à igualdade, à segurança e à propriedade; direitos sociais; nacionalidade; cidadania e direitos políticos; partidos políticos; garantias constitucionais individuais; garantias dos direitos coletivos, sociais e políticos.", 39-Curso Estratégia (1)(direitos e deveres)
,,,Noções de Direito Processual Penal,01:30,01:30,3. Jurisdição; competência.,2 ª aula - Competência em Razão do Lugar
,,,Noções de Direito Penal,01:30,01:30,12. Crimes contra a admnistração publica estrangeira. Crimes contra a administração da Justiça. Crimes contra as finanças públicas,
,,,Noções de Legislação Penal Especial,01:30,01:00,14. Pacote Anti-Crime.,
82,27,05/05/2020,Língua Portuguesa,01:30,01:45,1.emprego das classes gramaticais,
,,,Informática,01:30,01:30,4. Noções de escrita e editoração de texto utilizando LibreOffice-Writer (versão 5.0.6 ou superior).,
,,,Raciocínio Lógico,01:30,01:30,"6. Problemas de raciocínio lógico-matemático envolvendo proposições, conectivos, equivalência e implicação lógica",
,,,Noções de Legislação Penal Especial,01:30,00:45,14. Pacote Anti-Crime.,
,,,Redação,0:0,00:45,,
81,28,06/05/2020,Noções de Direito Administrativo,01:30,01:30,"Mapa dos princípios + 3. Agentes públicos: espécies e classificação; poderes, deveres e prerrogativas; cargo, emprego e função públicos;regime jurídico único: provimento, vacância, remoção, redistribuição e substituição; direitos e vantagens; regimedisciplinar; responsabilidade civil, criminal e administrativa.",
,,,Noções de Direito Constitucional,01:30,01:30,"1. Direitos e deveres fundamentais: direitos e deveres individuais e coletivos; direito à vida, à liberdade, à igualdade, à segurança e à propriedade; direitos sociais; nacionalidade; cidadania e direitos políticos; partidos políticos; garantias constitucionais individuais; garantias dos direitos coletivos, sociais e políticos.",29-Curso Estratégia (2)(direitos e deveres
,,,Noções de Direito Processual Penal,01:30,01:15,3. Jurisdição; competência.,
,,,Noções de Direito Penal,01:30,00:30,Revisão teoria do erro,
80,29,07/05/2020,Língua Portuguesa,01:30,01:30,Pontuação,
,,,Informática,01:30,01:30,5. Noções de cálculo e organização de dados em planilhas eletrônicas utilizando o LibreOffice-Calc (versão 5.0.6 ou superior).,
,,,Noções de Legislação Penal Especial,01:30,02:15,Interceptação telefônica,
,,,Raciocínio Lógico,01:30,00:45,"6. Problemas de raciocínio lógico-matemático envolvendo proposições, conectivos, equivalência e implicação lógica",
79,30,08/05/2020,Noções de Direito Administrativo,01:30,01:30,"3. Agentes públicos: espécies e classificação; poderes, deveres e prerrogativas; cargo, emprego e função públicos;regime jurídico único: provimento, vacância, remoção, redistribuição e substituição; direitos e vantagens; regimedisciplinar; responsabilidade civil, criminal e administrativa.",
,,,Noções de Direito Constitucional,01:30,01:30,"1. Direitos e deveres fundamentais: direitos e deveres individuais e coletivos; direito à vida, à liberdade, à igualdade, à segurança e à propriedade; direitos sociais; nacionalidade; cidadania e direitos políticos; partidos políticos; garantias constitucionais individuais; garantias dos direitos coletivos, sociais e políticos.",
78,31,09/05/2020,Noções de Direito Penal,0:0,00:30,Revisão,
,,,Língua Portuguesa,01:30,01:30,Verbos,
,,,Informática,01:00,01:00,5. Noções de cálculo e organização de dados em planilhas eletrônicas utilizando o LibreOffice-Calc (versão 5.0.6 ou superior).,
,,,Noções de Legislação Penal Especial,01:00,01:00,Pacote anti crime,
,,,Raciocínio Lógico,01:00,01:00,"6. Problemas de raciocínio lógico-matemático envolvendo proposições, conectivos, equivalência e implicação lógica",
77,32,10/05/2020,Noções de Direito Administrativo,00:45,00:45,Mapas,
,,,Noções de Direito Constitucional,00:45,00:45,Mapas,
,,,Noções de Direito Processual Penal,01:00,01:00,Mapas,
,,,Noções de Direito Penal,01:00,00:45,Mapas,
,,,Noções de Direito Administrativo,00:45,01:00,"5. Serviços públicos: conceito, classificação, regulamentação e controle; forma, meios e requisitos; delegação: concessão, permissão, autorização.",
,,,Noções de Direito Constitucional,00:45,00:45,Mapas,28-Curso Estratégia (2)(direitos e deveres
76,33,11/05/2020,Informática,00:45,00:45,5. Noções de cálculo e organização de dados em planilhas eletrônicas utilizando o LibreOffice-Calc (versão 5.0.6 ou superior).,
,,,Língua Portuguesa,00:45,00:45,,
,,,Informática,00:45,00:45,,
,,,Língua Portuguesa,00:45,00:45,,
,,,Raciocínio Lógico,01:30,01:15,"6. Problemas de raciocínio lógico-matemático envolvendo proposições, conectivos, equivalência e implicação lógica",
,,,Noções de Legislação Penal Especial,01:30,02:15,Crimes de tortura,
75,34,12/05/2020,Noções de Direito Administrativo,00:45,00:45,,
,,,Noções de Direito Constitucional,01:30,01:30,Mapas,
,,,Noções de Direito Administrativo,00:45,00:45,"5. Serviços públicos: conceito, classificação, regulamentação e controle; forma, meios e requisitos; delegação: concessão, permissão, autorização.",
,,,Redação,0:0,01:45,,
,,,Noções de Direito Penal,01:00,01:00,Mapas,
74,35,13/05/2020,Informática,00:45,00:45,4. Noções de escrita e editoração de texto utilizando LibreOffice-Writer (versão 5.0.6 ou superior).,
,,,Língua Portuguesa,00:45,01:30,Verbo,7 encontro
,,,Noções de Direito Constitucional,01:30,01:45,Revisão de direitos,
,,,Noções de Legislação Penal Especial,01:30,00:45,Estatudo do desarmamento,
73,36,14/05/2020,Noções de Direito Penal,01:30,01:30,,
,,,Noções de Direito Administrativo,00:45,00:45,,
,,,Noções de Direito Constitucional,00:45,00:45,,
,,,Noções de Direito Administrativo,00:45,00:45,2. Organização administrativa da União: administração direta e indireta.,1 encontro - 19:00 - Bloco 4-AlfaCon--orgaos-publicos.pdf
,,,Noções de Direito Constitucional,00:45,00:45,"1. Direitos e deveres fundamentais: direitos e deveres individuais e coletivos; direito à vida, à liberdade, à igualdade, à segurança e à propriedade; direitos sociais; nacionalidade; cidadania e direitos políticos; partidos políticos; garantias constitucionais individuais; garantias dos direitos coletivos, sociais e políticos.",Aula2_Video2_DC
,,,Noções de Direito Processual Penal,01:00,01:00,Revisão Inquerito policial,
72,37,15/05/2020,Língua Portuguesa,01:30,01:30,,
,,,Noções de Direito Constitucional,01:30,00:45,,
,,,Noções de Direito Processual Penal,01:30,01:30,,
71,38,16/05/2020,Noções de Direito Administrativo,00:45,00:45,,
,,,Noções de Direito Constitucional,00:45,00:45,,
,,,Noções de Direito Administrativo,00:45,00:45,Revisão de organização administrativa do estado + princípios,Revisão de agentes publicos + estatuto policia civil
,,,Noções de Direito Constitucional,00:45,00:45,"1. Direitos e deveres fundamentais: direitos e deveres individuais e coletivos; direito à vida, à liberdade, à igualdade, à segurança e à propriedade; direitos sociais; nacionalidade; cidadania e direitos políticos; partidos políticos; garantias constitucionais individuais; garantias dos direitos coletivos, sociais e políticos.",PDF Aula2_DC(direitos sociais e nacionalidade) 
,,,Noções de Direito Processual Penal,01:00,01:00,Revisão de Prisão cautelar,4. Prova (artigos 158 a 184 do CPP).
,,,Noções de Direito Penal,01:00,01:00,Mapas dos crimes contra a pessoa,Mapas dos crimes contra o patrimônio
70,39,17/05/2020,Noções de Legislação Penal Especial,02:00,02:00,4. Abuso de Autoridade (Lei nº 13.869/2019).,13.  investigação criminal conduzida pelo delegado de polícia. (Lei nº 12.830/2013;)
,,,Língua Portuguesa,01:30,01:30,Conjunções,Verbo
,,,Informática,01:30,01:30,Revisão de email,Ler PDF Intranet web
,,,Raciocínio Lógico,01:00,01:00,Preparação turbo,Preparação turbo
69,40,18/05/2020,Noções de Direito Administrativo,01:30,01:30,"3. Agentes públicos: espécies e classificação; poderes, deveres e prerrogativas; cargo, emprego e função públicos;regime jurídico único: provimento, vacância, remoção, redistribuição e substituição; direitos e vantagens; regimedisciplinar; responsabilidade civil, criminal e administrativa.",4 encontro aula 1
,,,Noções de Direito Constitucional,01:30,01:30,"1. Direitos e deveres fundamentais: direitos e deveres individuais e coletivos; direito à vida, à liberdade, à igualdade, à segurança e à propriedade; direitos sociais; nacionalidade; cidadania e direitos políticos; partidos políticos; garantias constitucionais individuais; garantias dos direitos coletivos, sociais e políticos.",5 encontro aula 1
,,,Noções de Direito Processual Penal,01:30,01:30,4. Prova (artigos 158 a 184 do CPP).,Revisão de jurisdição e competencia (45 minutos)
,,,Noções de Direito Penal,01:30,01:30,Revisão de tudo até crimes contra o patrimônio,Mapa de crimes contra o patrimônio(45 minutos)
68,41,19/05/2020,Raciocínio Lógico,01:30,01:30,,
,,,Noções de Direito Administrativo,01:30,01:30,,
,,,Língua Portuguesa,00:30,00:30,,
67,42,20/05/2020,Língua Portuguesa,01:30,01:30,,
,,,Raciocínio Lógico,00:45,00:45,Regra de 3,Raciocinio logico 
,,,Língua Portuguesa,01:00,01:00,Verbo,8º encontro
,,,Informática,00:45,00:45,Questões,Questões
,,,Noções de Legislação Penal Especial,01:30,01:00,,
66,43,21/05/2020,Noções de Direito Penal,01:00,01:00,,Mapa de crimes contra o patrimônio(45 minutos)
,,,Noções de Direito Administrativo,01:30,01:30,Estatuto dos servidos do paraná,Estatuto dos servidos do paraná
,,,Noções de Direito Constitucional,01:30,02:30,"Direitos sociais, de nacionalidade, trabalhadores, políticos","Mapas Direitos sociais, de nacionalidade, trabalhadores, políticos + Ler art 6,7,8,9"
65,44,22/05/2020,Raciocínio Lógico,00:45,00:45,Raciocinio logico ,
,,,Informática,01:00,01:00,Mapas e questões,Navegadores
,,,Língua Portuguesa,01:30,01:30,8º encontro,PDF Concordância
,,,Noções de Legislação Penal Especial,01:30,01:30,Lei de abuso de autoridade,PDF Lei de abuso de autoridade
,,,Informática,00:45,00:45,Navegadores, Mapa de navegadores + Exercícios
64,45,23/05/2020,Noções de Direito Administrativo,01:30,01:30,Lei 8112,6 encontro aula 2 + Ler 6174
,,,Noções de Direito Constitucional,01:30,01:30,"Mapas Direitos sociais, de nacionalidade, trabalhadores, políticos + Ler art 6,7,8,9","Mapas direitos trabalhadores coletivos + Ler art 6,7,8,9 + questões"
,,,Noções de Direito Penal,00:45,01:30,Mapas Crimes contra administração pública,Mapas Crimes contra o patrimônio
63,46,24/05/2020,Raciocínio Lógico,00:45,00:45,Questões UFPR,Questões UFPR + resto
,,,Informática,00:45,00:45, Mapa de buscadores + mapa linux + Exercícios,Revisão primeiro -> exercícios dps
,,,Língua Portuguesa,01:00,01:00,PDF Concordância,terminar concorddancia verbal e questões
,,,Noções de Legislação Penal Especial,01:30,01:30,PDF Lei de abuso de autoridade,Questões das matérias já vistas
,,,Língua Portuguesa,01:00,01:00,Verbo,Revisar verbo + Muitas questões de verbo
62,47,25/05/2020,Noções de Direito Administrativo,01:30,03:30,Lei 6174,Revisão retroativa
,,,Noções de Direito Constitucional,01:30,01:30,"Mapas direitos trabalhadores coletivos + Ler art 6,7,8,9 + questões","Revisar mapas poder legislativo, poder executivo + Ler a CF desses + questões"
61,48,26/05/2020,Noções de Legislação Penal Especial,01:30,01:30,Exercícios,6. Estatuto da Criança e do Adolescente (Lei nº 8.069/1990).
,,,Redação,01:00,00:50,,
,,,Língua Portuguesa,02:00,02:00,Revisar verbo + Muitas questões de verbo,
60,49,27/05/2020,Noções de Direito Administrativo,01:30,01:45,,Revisão retroativa
,,,Noções de Direito Processual Penal,01:00,01:00,Questões de competência,Revisão geral + Estudar competência de novo
,,,Noções de Direito Constitucional,01:30,01:30,"Revisar mapas poder legislativo, poder executivo + Ler a CF desses + questões","Funções exclusivas do senado e da camara, do presidente, conselhos + estudar mais poder executivo e legislativo"
,,,Noções de Direito Penal,00:45,01:15,Mapas Crimes contra administração pública,
59,50,28/05/2020,Raciocínio Lógico,00:45,00:45,Questões UFPR + resto,
,,,Língua Portuguesa,01:00,01:00,Revisar verbo + Muitas questões de verbo,
,,,Informática,01:00,01:00,Revisão primeiro -> exercícios dps,Revisão primeiro -> exercícios VUNESP dps
,,,Língua Portuguesa,01:00,01:00,Revisar verbo + Muitas questões de verbo,Verbo UFPR/Vunesp
,,,Noções de Legislação Penal Especial,01:15,01:30,6. Estatuto da Criança e do Adolescente (Lei nº 8.069/1990).,6. Estatuto da Criança e do Adolescente (Lei nº 8.069/1990).
58,51,29/05/2020,Noções de Direito Penal,01:00,01:00,Mapas Crimes contra administração pública,Mapa crimes contra o patrimônio
,,,Noções de Direito Processual Penal,01:00,01:00,Revisão geral + Estudar competência de novo,Complementar prova + estudar competência
,,,Noções de Direito Administrativo,01:30,01:30,Revisão retroativa,Revisão retroativa + exercícios
,,,Noções de Direito Constitucional,01:30,01:30,"Funções exclusivas do senado e da camara, do presidente, conselhos + estudar mais poder executivo e legislativo",Estudar poder legislativo
57,52,30/05/2020,Raciocínio Lógico,00:45,00:45,Questões UFPR + resto,Questões UFPR + resto
,,,Informática,00:45,00:45,Revisão primeiro -> exercícios VUNESP dps,Revisão primeiro -> exercícios VUNESP dps
,,,Língua Portuguesa,01:15,01:15,Verbo UFPR/Vunesp,
,,,Noções de Legislação Penal Especial,01:00,01:00,6. Estatuto da Criança e do Adolescente (Lei nº 8.069/1990).,6. Estatuto da Criança e do Adolescente (Lei nº 8.069/1990).
,,,Língua Portuguesa,01:15,01:15,Sintaxe,Sintaxe
56,53,31/05/2020,Noções de Direito Administrativo,01:30,01:30,Revisão retroativa + exercícios,PDF Poderes => Mapa + Consórcios públicos +Exercícios
,,,Noções de Direito Penal,01:00,01:00,Mapa crimes contra o patrimônio,Terminar de arrumar os mapas + revisar desde o começo
,,,Noções de Direito Constitucional,01:30,01:30,Estudar poder legislativo,PDF Poder Legislativo + Questões de poder legislativo
,,,Noções de Direito Processual Penal,01:00,01:00,Complementar prova + estudar competência,estudar competência
55,54,01/06/2020,Raciocínio Lógico,00:45,00:45,Questões,
,,,Informática,01:00,01:00,Questões Vunesp Policial,
,,,Noções de Legislação Penal Especial,01:15,01:15,6. Estatuto da Criança e do Adolescente (Lei nº 8.069/1990).,Terminar PDF (revisar parte do começo) => exercícios
,,,Língua Portuguesa,02:00,02:00,Sintaxe,Ler PDF sintaxe
54,55,02/06/2020,Noções de Direito Penal,00:45,00:45,Terminar de arrumar os mapas + revisar desde o começo,Revisar TODA a matéria em 1 aula
,,,Noções de Direito Administrativo,01:30,01:30,PDF Poderes => Mapa + Consórcios públicos +Exercícios,Exercícios retroativos
,,,Noções de Direito Processual Penal,01:00,01:00,estudar competência,Finalzinho de competência + revisar + Ex Competência +  Mapa competência
,,,Noções de Direito Constitucional,01:45,01:45,PDF Poder Legislativo + Questões de poder legislativo,Revisão rapida de poder legislativo e executivo + Questões de poder legislativo + poder Executivo
53,56,03/06/2020,Raciocínio Lógico,00:45,00:45,Questões,
,,,Informática,01:00,01:00,Questões Vunesp Policial,Revisar a matéria toda + questões área policiais
,,,Língua Portuguesa,02:00,02:00,Mapa sintaxe,10º Encontro aula 5
,,,Noções de Legislação Penal Especial,01:15,01:15,Terminar PDF (revisar parte do começo) => exercícios,
52,57,04/06/2020,Noções de Direito Administrativo,01:45,01:45,Exercícios retroativos,Revisão LULU (complementando meus mapas mentais) + exercícios 1-5
,,,Noções de Direito Penal,00:45,00:45,Revisar TODA a matéria em 1 aula,Revisar a partir de crimes contra o patrimônio + exercícios
,,,Noções de Direito Processual Penal,01:00,01:00,Finalzinho de competência + revisar + Ex Competência +  Mapa competência,Mapa de competência + Ver video de competência
,,,Noções de Direito Constitucional,01:30,01:30,Revisão rapida de poder legislativo e executivo + Questões de poder legislativo + poder Executivo,Revisão rapida de poder legislativo e executivo + Questões de poder legislativo + poder Executivo
51,58,05/06/2020,Raciocínio Lógico,00:45,00:45,Questões de matemática,Ler Raciocínio Lógico - Aula 03 + questões ufpr logica (1hr RLM e 45 inf)
,,,Informática,01:00,01:00,Revisar a matéria toda + questões área policiais,Questões VUNESP (45min)
,,,Língua Portuguesa,02:00,02:00,10º Encontro aula 5,12º Encontro aula 1
,,,Noções de Legislação Penal Especial,01:15,01:15,Terminar PDF (revisar parte do começo) => exercícios,Ver os vídeos e anotar
50,59,06/06/2020,Noções de Direito Administrativo,01:45,01:45,Revisão LULU (complementando meus mapas mentais) + exercícios 1-5,Serviços públicos
,,,Noções de Direito Penal,00:45,00:45,Revisar a partir de crimes contra o patrimônio + exercícios,Exercícios
,,,Noções de Direito Processual Penal,01:00,01:00,Mapa de competência + Ver video de competência,Complementar Mapa de competência com o PDF novo (a partir do segundo) + Exercícios
,,,Noções de Direito Constitucional,01:30,01:30,Revisão rapida de poder legislativo e executivo + Questões de poder legislativo + poder Executivo,Vídeo aula 07(complementando o mapa) + Defesa do estado
49,60,07/06/2020,Raciocínio Lógico,01:00,01:00,Ler Raciocínio Lógico - Aula 03 + questões ufpr logica (1hr RLM e 45 inf),Questões RLM Vunesp
,,,Informática,00:45,00:45,Questões VUNESP (45min),Questões VUNESP (45min)
,,,Língua Portuguesa,02:00,02:00,12º Encontro aula 1,Exercícios vunesp
,,,Noções de Legislação Penal Especial,01:15,01:15,Ver os vídeos e anotar,15-17 + PDF => Mapas mentais
48,61,08/06/2020,Noções de Direito Administrativo,01:30,01:30,Serviços públicos,Revisão rapido Serviços públicos + exercícios
,,,Noções de Direito Constitucional,01:45,01:30,Exercícios,Resumo de Defesa do estado
,,,Noções de Direito Processual Penal,01:00,0:0,Complementar Mapa de competência com o PDF novo (a partir do segundo) + Exercícios,
,,,Noções de Direito Penal,00:45,0:0,Exercícios,
47,62,09/06/2020,Raciocínio Lógico,01:00,01:00,Questões RLM Vunesp,Questões RLM Vunesp
,,,Informática,00:45,00:45,Questões VUNESP (45min),Fazer resumo das matérias
,,,Língua Portuguesa,02:00,02:00,Resumo de orações,Terminar Resumo de orações + Questões vunesp Sintaxe
,,,Noções de Legislação Penal Especial,01:15,01:15,15-17 + PDF => Mapas mentais,PDF ECA2 => Resumo + Exercícios
,,,Noções de Direito Processual Penal,01:00,01:00,Complementar Mapa de competência com o PDF novo (a partir do segundo) + Exercícios,Complementar Competência com o PDF novo (a partir do terceiro) + Exercícios
46,63,10/06/2020,Noções de Direito Administrativo,01:30,01:30,Revisão rapido Serviços públicos + exercícios,Botar no resumo a ultima folha da lulu (serviço) + revisar serviço rapidao + exercício
,,,Noções de Direito Processual Penal,00:45,01:45,Complementar Competência com o PDF novo (a partir do terceiro) + Exercícios,Revisão rápida + Exercícios
,,,Noções de Direito Constitucional,01:45,01:45,Resumo de Defesa do estado,Ordem social
,,,Noções de Direito Penal,02:00,02:00,Resumo de crimes contra a administração pública + Exercícios,Terminar resumo + Questões
45,64,11/06/2020,Raciocínio Lógico,01:00,01:00,Questões RLM Vunesp,Questões Matemática Vunesp
,,,Informática,00:45,00:45,Fazer resumo das matérias,Terminar resumo + Ler resumo
,,,Língua Portuguesa,02:00,02:00,Terminar Resumo de orações + Questões vunesp Sintaxe,Revisar rapido + Questões UFPR Sintaxe + Concordância
,,,Noções de Legislação Penal Especial,01:15,00:45,PDF ECA2 => Resumo + Exercícios,"Anotar Adoção e guarda, Transporte,"
44,65,12/06/2020,Noções de Direito Administrativo,01:30,01:30,Botar no resumo a ultima folha da lulu (serviço) + revisar serviço rapidao + exercício,7. Controle e responsabilização da administração: controle administrativo; controle judicial; controle legislativo; responsabilidade civil do Estado.
,,,Noções de Direito Processual Penal,00:45,00:45,Revisão rápida + Exercícios,Mapa mental => Resumo
,,,Noções de Direito Constitucional,01:45,01:45,Ordem social,Fauth 27:00 + PDF
,,,Noções de Direito Penal,01:00,01:00,Terminar resumo + Questões,Revisar toda matéria em 30 minutos + 30 minutos de questões
43,66,13/06/2020,Raciocínio Lógico,01:00,01:00,Questões Matemática Vunesp,Questões Matemática Vunesp
,,,Informática,00:45,00:45,Terminar resumo + Ler resumo,Estudar outlook
,,,Língua Portuguesa,02:00,02:00,Revisar rapido + Questões UFPR Sintaxe + Concordância,"Terminar o resumo de verbo + Fazer o resumo de concordância (8 encontro, bloco2)"
,,,Noções de Legislação Penal Especial,01:15,01:00,"Anotar Adoção e guarda, Transporte,",Resumo das outras matérias (não necessariamente todas)
42,67,14/06/2020,Noções de Direito Administrativo,01:30,01:30,7. Controle e responsabilização da administração: controle administrativo; controle judicial; controle legislativo; responsabilidade civil do Estado.,PDF + 7. Controle e responsabilização da administração: controle administrativo; controle judicial; controle legislativo; 
,,,Noções de Direito Processual Penal,00:45,00:45,Mapa mental => Resumo,Mapa mental => Resumo
,,,Noções de Direito Constitucional,01:45,01:45,Fauth 27:00 + PDF,PDF ordem social
,,,Noções de Direito Penal,01:00,01:00,Revisar toda matéria em 30 minutos + 30 minutos de questões,Revisar crimes contra a pessoa em 30máx
,,,Noções de Legislação Penal Especial,00:45,00:45,Resumo das outras matérias (não necessariamente todas),Continuar resumo
41,68,15/06/2020,Raciocínio Lógico,01:00,01:00,Questões Matemática Vunesp,Exercícios Matemática (45 minutos)
,,,Informática,00:45,00:45,Estudar outlook,Exercícios (1hr informática)
,,,Língua Portuguesa,02:00,02:00,"Terminar o resumo de verbo + Fazer o resumo de concordância (8 encontro, bloco2)",Revisada em tudo + Exs UFPR
,,,Noções de Legislação Penal Especial,01:15,01:15,Resumo das outras matérias (não necessariamente todas),Resumo Drogas e Anti Crime + CTB
40,69,16/06/2020,,,,,
,,,,,,,
,,,,,,,
,,,,,,,
39,70,17/06/2020,Noções de Direito Administrativo,01:30,01:30,PDF + 7. Controle e responsabilização da administração: controle administrativo; controle judicial; controle legislativo; ,Responsabilidade civil do estado
,,,Noções de Direito Processual Penal,00:45,00:45,Mapa mental => Resumo,Mapa => Resumo de prisão cautelar
,,,Noções de Direito Constitucional,01:45,01:45,PDF ordem social,Revisar rapido + exercícios
,,,Noções de Direito Penal,01:00,01:00,Revisar crimes contra a pessoa em 30máx,Revisar contra o patrimonio + questões penal ongoin
38,71,18/06/2020,Noções de Direito Administrativo,01:30,,,
,,,Língua Portuguesa,02:00,,,
,,,Noções de Direito Processual Penal,00:45,,,
,,,Informática,00:45,,,
37,72,19/06/2020,Noções de Direito Constitucional,01:45,,,
,,,Raciocínio Lógico,00:45,,,
,,,Noções de Legislação Penal Especial,01:30,,,
,,,Noções de Direito Penal,01:00,,,
36,73,20/06/2020,,,,,
,,,,,,,
,,,,,,,
,,,,,,,
35,74,21/06/2020,,,,,
,,,,,,,
,,,,,,,
,,,,,,,
34,75,22/06/2020,,,,,
,,,,,,,
,,,,,,,
,,,,,,,
33,76,23/06/2020,,,,,
,,,,,,,
,,,,,,,
,,,,,,,
32,77,24/06/2020,,,,,
,,,,,,,
,,,,,,,
,,,,,,,
31,78,25/06/2020,,,,,
,,,,,,,
,,,,,,,
,,,,,,,
30,79,26/06/2020,,,,,
,,,,,,,
,,,,,,,
,,,,,,,
29,80,27/06/2020,,,,,
28,81,28/06/2020,,,,,
27,82,29/06/2020,,,,,
26,83,30/06/2020,,,,,
25,84,01/07/2020,,,,,
24,85,02/07/2020,,,,,
23,86,03/07/2020,,,,,
22,87,04/07/2020,,,,,
21,88,05/07/2020,,,,,
20,89,06/07/2020,,,,,
19,90,07/07/2020,,,,,
18,91,08/07/2020,,,,,
17,92,09/07/2020,,,,,
16,93,10/07/2020,,,,,
15,94,11/07/2020,,,,,
14,95,12/07/2020,,,,,
13,96,13/07/2020,,,,,
12,97,14/07/2020,,,,,
11,98,15/07/2020,,,,,
10,99,16/07/2020,,,,,
9,100,17/07/2020,,,,,
8,101,18/07/2020,,,,,
7,102,19/07/2020,,,,,
6,103,20/07/2020,,,,,
5,104,21/07/2020,,,,,
4,105,22/07/2020,,,,,
3,106,23/07/2020,,,,,
2,107,24/07/2020,,,,,
1,108,25/07/2020,,,,,